id,student_name,student_lastname
1,Pò,Hawkeswood
2,Danièle,Stonelake
3,Kévina,Marcus
4,Esbjörn,Pakeman
5,Simplifiés,Shearmur
6,Léane,Megson
7,Océanne,Portman
8,Marie-ève,Drinkale
9,Bérangère,Kincla
10,Esbjörn,Birrane
11,Bérengère,Conigsby
12,Märta,Boichat
13,Marie-thérèse,Arnowicz
14,Félicie,Fishly
15,Annotée,Jumonet
16,Åsa,Doore
17,Cécile,Hattam
18,Naëlle,Polendine
19,Noëlla,O'Nowlan
20,Séréna,Howieson
21,Pål,Kirkman
22,Mahélie,Mallabund
23,Andrée,Gravie
24,Personnalisée,Billson
25,Adélie,Penrith
26,Renée,Gatsby
27,Magdalène,Grayley
28,Lén,Clipson
29,Personnalisée,Blanchflower
30,Lén,Leisk
31,Ráo,Greedy
32,Andréa,Fison
33,Chloé,Rigmand
34,Åslög,Perryman
35,Gösta,Bigglestone
36,Aloïs,Ainscough
37,Annotée,Prew
38,Marie-ève,Ramstead
39,Léandre,Pischof
40,André,Molloy
41,Pénélope,Nisard
42,Anaëlle,Fletham
43,Maëlla,Tubb
44,Andréanne,Gillivrie
45,Ráo,Cumbes
46,Jú,Brou
47,Anaël,Starrs
48,Joséphine,Rambaut
49,Lyséa,Juster
50,Zhì,Silly
51,Faîtes,Petrelli
52,Léandre,Found
53,Maëline,Rodgers
54,Camélia,Mee
55,Mélia,Vannacci
56,Zhì,Bannister
57,Eliès,Sambals
58,Maëlyss,O'Dwyer
59,Lóng,Comazzo
60,Lèi,Faulo
61,Gwenaëlle,Gilvary
62,Marlène,Lucy
63,Adélaïde,Crambie
64,Göran,Powelee
65,Geneviève,Dimnage
66,Märta,Dine-Hart
67,Zoé,Hamal
68,Mélissandre,Haps
69,Ráo,Gruszecki
70,Maëlann,Maudett
71,Régine,Czajkowska
72,Gaétane,Folkes
73,Åsa,McTrustam
74,Maëly,Cordeau
75,Eléa,Pettwood
76,Béatrice,Greenhough
77,Hélène,Fredi
78,Sòng,Sreenan
79,Maï,Wolfendell
80,Stéphanie,Erangey
81,Mélissandre,Bullant
82,Gérald,Flowerden
83,Françoise,Audibert
84,Geneviève,Dell Casa
85,Cunégonde,Cahalin
86,Marie-hélène,Kruse
87,Adèle,L'Amie
88,Rébecca,Skeffington
89,Ráo,Ilem
90,Lorène,McGreal
91,Torbjörn,Foyle
92,Mà,Baudacci
93,Märta,Laba
94,Cinéma,Streets
95,Gaëlle,Saltsberger
96,Régine,Bunch
97,Marie-thérèse,Gresley
98,Östen,Goody
99,Léana,Clipson
100,Dorothée,Gye
101,Félicie,Liley
102,Renée,Aiston
103,Léana,Snoddy
104,Cunégonde,Walsh
105,Hélèna,Mowne
106,Bénédicte,Kees
107,Inès,Harhoff
108,Dù,Livock
109,Marie-françoise,Stow
110,Bénédicte,Ferenczi
111,Lóng,Jowsey
112,Åslög,Kasman
113,Clémence,Druitt
114,Zoé,Gillino
115,Océanne,Curnnok
116,Adélie,Cloney
117,Andréanne,Coldham
118,Réjane,Greedier
119,Réservés,Fugere
120,Anaël,Raeside
121,Publicité,Maddrah
122,Amélie,Adelberg
123,Pål,Farndon
124,Dafnée,Gaul
125,Maëlys,Lightbowne
126,Kévina,Rudgerd
127,Océane,Gough
128,Marie-ève,Dooley
129,Mélina,Acheson
130,Clémence,Dewhurst
131,Marie-noël,MacIlriach
132,Gérald,Ridings
133,Estée,Blandamere
134,Léana,Hammor
135,Audréanne,Cranshaw
136,Geneviève,Woolgar
137,Méryl,Andreas
138,Léane,Dean
139,Méng,Sheach
140,Lucrèce,Bartolozzi
141,Publicité,Fearenside
142,Alizée,Pierucci
143,Pò,Hollingdale
144,Maïwenn,Howford
145,Marie-josée,Spottiswood
146,Daphnée,Ruslinge
147,Håkan,Bragg
148,Marie-noël,Dukesbury
149,Maéna,Wagstaff
150,Åke,Cardno
151,Yóu,Wressell
152,Cinéma,Deppen
153,Marie-thérèse,Paquet
154,Bérangère,Evesque
155,Gaëlle,Rispine
156,Marie-ève,Kither
157,Laurène,McTeague
158,Åslög,Seleway
159,Åsa,Nibloe
160,Athéna,Leaney
161,Eléa,Rowbotham
162,Léonie,Quirk
163,Estée,Corringham
164,Anaëlle,Sarfatti
165,Danièle,Peabody
166,Anaïs,Burcombe
167,Camélia,Wildt
168,Maëlyss,Chittock
169,Desirée,Cisson
170,Béatrice,Baude
171,Marlène,Danielczyk
172,Bécassine,Denley
173,Régine,Gajewski
174,Maëlla,Balfe
175,Personnalisée,Maris
176,Göran,Norton
177,Lucrèce,Belasco
178,Eugénie,Ellice
179,Médiamass,O'Finan
180,Mélodie,Bettanay
181,Maëline,Woodworth
182,Irène,Wimpress
183,Märta,Isakowicz
184,Pélagie,Benediktovich
185,Gisèle,Kondratovich
186,Sòng,Elkington
187,Néhémie,Louis
188,Gaëlle,Conrard
189,Vérane,Barosch
190,Athéna,Tatersale
191,Faîtes,Perrycost
192,Dafnée,Iacopetti
193,Cinéma,McMillian
194,Marie-françoise,Berzons
195,Maëlle,Tillman
196,Esbjörn,Antognozzii
197,Océanne,Schimann
198,Sòng,Hardingham
199,Sélène,Greggor
200,Joséphine,Balden
201,Vérane,McCartan
202,André,Standbridge
203,Åke,McGinnis
204,Sòng,O'Heaney
205,Tú,Treece
206,Noëlla,Brookz
207,Märta,Thebeaud
208,Maïlys,Dunbabin
209,Loïca,McIlwreath
210,Maëlle,Gass
211,Ruì,Wolfendell
212,Bérengère,Kettell
213,Vérane,Gage
214,Garçon,Fardoe
215,Sélène,Simioli
216,Maëlyss,Mundle
217,Åke,De Winton
218,Lorène,Yepiskov
219,Erwéi,Ansett
220,Médiamass,Swede
221,Aí,Brummell
222,Sélène,Goulstone
223,Nadège,Ricoald
224,Laïla,Cockshutt
225,Françoise,Welldrake
226,Véronique,Raven
227,Maëlla,Writtle
228,Intéressant,Mundell
229,Mélinda,Littley
230,Vénus,Flarity
231,Lauréna,Robey
232,Åke,Laurence
233,Noëlla,Houdmont
234,Mén,Licciardello
235,Anaël,Edmett
236,Cléopatre,Jeacock
237,Chloé,Sargint
238,Mélodie,Leatham
239,Maïlys,Methven
240,Maéna,Shord
241,Michèle,Cadany
242,Åke,Swannack
243,Salomé,Packer
244,Mélanie,Haggath
245,Méghane,Francescozzi
246,Laurélie,Ekkel
247,Maïlys,Blackall
248,Méthode,Till
249,Josée,FitzAlan
250,Mårten,Shrubb
251,Maëlann,Mulvy
252,Aí,Haglinton
253,Dà,Michie
254,Mylène,Cordero
255,Magdalène,Pittson
256,Loïs,Medler
257,Salomé,Paraman
258,Tú,Redemile
259,Mélanie,Fitzsymonds
260,Cloé,Ashurst
261,Sòng,Wickey
262,Clémentine,Vasser
263,Marie-thérèse,McManamon
264,Ophélie,Pigeram
265,Yú,Slowan
266,Pò,Lively
267,Adélie,Echallier
268,Chloé,Backen
269,Amélie,Sailor
270,Sòng,Dunk
271,Ophélie,Tick
272,Simplifiés,Livingstone
273,Zhì,De Roos
274,Eliès,Caddan
275,Mélys,Acock
276,Zhì,Inglis
277,Fèi,Oswal
278,Desirée,Mickelwright
279,Åsa,Allin
280,Annotée,Swallow
281,Tú,Pibworth
282,Åsa,Andretti
283,Lèi,Pepi
284,Åke,Castellini
285,Cloé,Pedwell
286,Anaïs,Seaking
287,Marlène,Rozea
288,Marie-noël,Shewring
289,Cécile,Forcer
290,Audréanne,McCrisken
291,Fèi,Dannel
292,Gérald,Gartside
293,Noëlla,Swanston
294,Adélaïde,Millgate
295,Kù,Give
296,Åke,Collingridge
297,Maï,Storrock
298,Personnalisée,Lynnett
299,Gaétane,Peat
300,Lóng,Mallon
301,Alizée,MacNamee
302,Crééz,Hagland
303,Håkan,Spinks
304,Edmée,Valler
305,Marie-noël,Barles
306,Mylène,Aikin
307,Marie-thérèse,Vines
308,Chloé,Sachno
309,Anaïs,Schriren
310,Mahélie,Caws
311,Félicie,Andrioletti
312,Maïlys,Di Franceschi
313,Åslög,Tripp
314,Stéphanie,Gipps
315,Thérèse,Ollis
316,Styrbjörn,Canter
317,Hélène,Rault
318,Desirée,Chilles
319,Amélie,Philipson
320,Jú,Boutellier
321,Almérinda,Guppie
322,Célia,Drynan
323,Salomé,Snowden
324,Aí,Kolakowski
325,Wá,Jennaroy
326,Hélène,Lipson
327,Ruò,Issac
328,Célestine,Reynold
329,Cléa,Blundan
330,Léana,Schanke
331,Marie-thérèse,Simons
332,Léonore,Rosendale
333,Rébecca,Shoosmith
334,Marie-hélène,Oxterby
335,Valérie,Steedman
336,Örjan,Josipovic
337,Céline,Hardy
338,Marie-noël,Gounel
339,Lóng,Ligoe
340,Célia,McCory
341,Hélèna,Lorek
342,Clémence,Anespie
343,Lóng,Gilcriest
344,Maëline,Lark
345,Publicité,Astie
346,Miléna,Matusevich
347,Yénora,Jiroutek
348,Mahélie,Balham
349,Maïwenn,Fulcher
350,Lyséa,Durber
351,Dà,Pallesen
352,Tán,Watkiss
353,Chloé,Urpeth
354,Personnalisée,Hixley
355,Danièle,Norvill
356,Cunégonde,Pentycost
357,Andréa,Bousler
358,Styrbjörn,Mutlow
359,Göran,Ferries
360,Thérèse,Whitnell
361,Maïté,Muscat
362,Faîtes,Russel
363,Lyséa,Marskell
364,Cloé,Iacovino
365,Intéressant,Morewood
366,Noëlla,Payle
367,Aurélie,Topp
368,Hélène,Demaine
369,Gösta,Camin
370,Mà,Braz
371,Illustrée,Beardall
372,Mà,Hampstead
373,Ruì,Avesque
374,Léandre,McMoyer
375,Maëline,Trinke
376,Aloïs,Bleddon
377,Annotés,Kirmond
378,Faîtes,Fennessy
379,Léane,Tomkin
380,Åsa,Johansson
381,Måns,Jellico
382,Alizée,Methven
383,Méline,Troak
384,Gösta,Comiskey
385,Adélie,Haszard
386,Clélia,Cicconettii
387,Marlène,Pass
388,Eugénie,Blevin
389,Erwéi,Beckinsale
390,Marie-josée,Whalley
391,Géraldine,Swansbury
392,Tán,Dany
393,Gösta,Crathorne
394,Ophélie,Boyle
395,Publicité,Wickett
396,Méryl,Smitheram
397,Clélia,Gossart
398,Ráo,Deamer
399,Laurélie,Bisley
400,Léonore,Gellately
401,Ruì,Rigardeau
402,Almérinda,Eyes
403,Gaïa,Artist
404,Maéna,Domerc
405,Marylène,Hatry
406,Gaétane,MacGuffie
407,Thérèsa,Spinke
408,Cécile,Full
409,Frédérique,Fairfull
410,Maïly,Bloomfield
411,Ophélie,Arundell
412,Océanne,Eacle
413,Vénus,Gaynsford
414,Mélys,Welband
415,Lèi,Madgewick
416,Daphnée,Vogel
417,Yè,Gyppes
418,Josée,Sacher
419,Björn,Cherrison
420,Sòng,Branscomb
421,Néhémie,Kilford
422,Méghane,Rantoul
423,Magdalène,Castellaccio
424,Vénus,De Matteis
425,Médiamass,Whaley
426,Aimée,Braunle
427,Dorothée,Pischel
428,Mélia,Lawlor
429,Marie-noël,Fortin
430,Hélèna,Cressey
431,Loïca,Abthorpe
432,Réservés,Meldon
433,Séréna,Nare
434,Méng,Norville
435,Måns,Biagi
436,Bérengère,Stansbury
437,Almérinda,Chaundy
438,Nuó,Raddenbury
439,Agnès,Hazeup
440,André,Kenwyn
441,Mégane,Sinnett
442,Loïca,Lytlle
443,Daphnée,Monaghan
444,Judicaël,Duffield
445,Simplifiés,Eggerton
446,Méryl,Tander
447,Réjane,Enterlein
448,Mélia,Antognelli
449,Loïs,Windows
450,Maï,Lacroutz
451,Ruò,Valek
452,Åslög,Baradel
453,Angèle,Reuter
454,Léonie,Haddington
455,Göran,Tosh
456,Mélinda,Sproule
457,Maëlle,Belhome
458,Gisèle,Rosa
459,Yè,Stivani
460,Kù,Etchells
461,Kallisté,Offner
462,Anaël,Macro
463,Kù,Rollinson
464,Daphnée,Dun
465,Esbjörn,Chung
466,Laurélie,Jakoviljevic
467,Eugénie,M'Quharg
468,Åslög,Harefoot
469,Andréanne,McKeighen
470,Annotés,Isacsson
471,Marie-josée,Simenon
472,Léa,Dell'Abbate
473,Gisèle,Deex
474,Chloé,Penwright
475,Eléonore,Alcott
476,Maëlys,Eastcott
477,Renée,Pestor
478,Mélodie,Parmiter
479,Ophélie,Macconaghy
480,Maéna,Kamienski
481,Judicaël,Neill
482,Marie-ève,Gorrick
483,Méthode,Abbot
484,Gaétane,Bygrave
485,Göran,Cufflin
486,Maëly,Podbury
487,Bérénice,McCambrois
488,Judicaël,Jahan
489,Kévina,Sidry
490,Gaétane,Bingall
491,Stévina,Wind
492,Renée,McTeague
493,Anaïs,Corriea
494,Liè,Persian
495,Esbjörn,Cockerton
496,Mylène,Jachimiak
497,Gaïa,Handover
498,Aí,Eslinger
499,Daphnée,Fluin
500,Bérengère,Klainer
501,Annotée,Phinnessy
502,Sélène,Bortolazzi
503,Cléopatre,Olkowicz
504,Desirée,Timmens
505,Méthode,Croome
506,Maëline,Burnup
507,Maïlys,Quilligan
508,Adèle,Muckle
509,Sélène,Headey
510,Dafnée,Geekie
511,Pål,Havesides
512,Camélia,Bartak
513,Lóng,Lezemere
514,Naëlle,Lumbly
515,Eléonore,Aldgate
516,Östen,Moroney
517,Léana,Tindall
518,Lyséa,Garatty
519,Mélodie,Yann
520,Audréanne,Machen
521,Naéva,Blincko
522,Eliès,Smallpiece
523,Adélaïde,Quantick
524,Maï,Uc
525,Nuó,Pashley
526,Méline,Kearsley
527,Edmée,Doddemeade
528,Måns,Garratty
529,Cléopatre,Harness
530,Camélia,Hambribe
531,Léa,Oxbrough
532,Méthode,Insko
533,Réservés,Gudyer
534,Aloïs,Kilday
535,Faîtes,Clissett
536,Estée,Longhorne
537,Zoé,Baudacci
538,Liè,Gerhardt
539,Börje,Tommasuzzi
540,Pénélope,Goldster
541,Tú,Hryskiewicz
542,Lén,Broun
543,Andréanne,Gronow
544,Sòng,Jevons
545,Desirée,Tawse
546,Tú,Pendrigh
547,Annotés,Siddens
548,Vénus,Lindback
549,Mélanie,Burnet
550,Maëlann,Breheny
551,Yú,Jenney
552,Stévina,Minci
553,Angélique,Wetherell
554,Maïlis,O'Curneen
555,Dà,Brownell
556,Marie-hélène,Darville
557,Crééz,Kiossel
558,Kévina,Walsham
559,Loïc,Medforth
560,Mélys,Kirke
561,Zoé,Fullun
562,Béatrice,Reeson
563,Séréna,Manon
564,Adélaïde,Teager
565,Mégane,Zecchetti
566,Angèle,West-Frimley
567,Simplifiés,Berntsson
568,Anaëlle,Sheara
569,Béatrice,Zwicker
570,Mélanie,Espina
571,Véronique,Jennison
572,Gaïa,Greaser
573,Maëlys,Pelzer
574,Thérèsa,Wilgar
575,Anaé,McNeice
576,Cunégonde,Pennington
577,Gaïa,Dounbare
578,Annotée,Dreakin
579,Nadège,Isaacs
580,Maëlys,Sommer
581,Yáo,Binfield
582,Léonore,Jurczyk
583,Sélène,Rouchy
584,Marylène,Whittick
585,Amélie,Darville
586,Bécassine,Grinston
587,Réservés,Frowen
588,Yè,Carleman
589,Cloé,Peebles
590,Aloïs,Cowburn
591,Laïla,O'Tuohy
592,Méthode,Salvador
593,Josée,Calltone
594,Anaïs,Christin
595,Sòng,Allabarton
596,Pò,Clineck
597,Annotée,Bomfield
598,Marie-thérèse,Harrap
599,Esbjörn,Iacobucci
600,Laurène,Proudley
601,Lauréna,Hachard
602,Simplifiés,Versey
603,Åslög,Wisbey
604,Almérinda,Holstein
605,Göran,Heis
606,Maïwenn,Marns
607,Mélissandre,Stubbins
608,Salomé,Holhouse
609,Märta,Hartshorne
610,Cléa,Dunkersley
611,Jú,Lorraine
612,Annotés,Thraves
613,Gaëlle,Pudsall
614,Lyséa,Cropton
615,Anaëlle,Metherell
616,Estève,Jirus
617,Maëlys,Bricket
618,Tán,Jamison
619,Lucrèce,Prestwich
620,Desirée,Philp
621,Salomé,Tolhurst
622,Örjan,Farmloe
623,Joséphine,Jellman
624,Véronique,Blakes
625,Adélaïde,Quan
626,Angèle,Dunderdale
627,Illustrée,Josskovitz
628,Bécassine,Flooks
629,Kévina,McAulay
630,Ophélie,Ruddy
631,Liè,Dimitresco
632,Maëly,Reucastle
633,Angèle,Wharrier
634,Cécile,Valentin
635,Bérénice,Cassidy
636,Ráo,Sandercroft
637,Gösta,Coughlin
638,Anaïs,Beecham
639,Maïwenn,Carling
640,Örjan,Rapelli
641,Andréa,Loughrey
642,Wá,Smy
643,Naëlle,Eggleton
644,Amélie,Glenn
645,Jú,Pafford
646,Géraldine,Chatterton
647,Nuó,Pleven
648,Eugénie,Wims
649,Gaïa,L'Archer
650,Ophélie,Hansell
651,Salomé,Deeves
652,Mårten,Shafe
653,Renée,Sjollema
654,Léa,Withur
655,Lorène,Matthews
656,Yú,Bengal
657,Noëlla,Lambard
658,Simplifiés,Niset
659,Cléopatre,Vurley
660,Mylène,Maginot
661,Renée,Farris
662,Hélèna,Estable
663,Angèle,Frostdicke
664,Eléonore,Murty
665,Wá,Polycote
666,Maëlyss,Hanscomb
667,Gösta,Larvor
668,Clémence,Baike
669,Thérèse,Reckless
670,Bérénice,Connichie
671,Mélia,Ogle
672,Gaétane,O'Dulchonta
673,Irène,Gillison
674,Dorothée,Lowde
675,Jú,O'Hegertie
676,Célestine,Longman
677,Mylène,Parkman
678,Miléna,Laxen
679,Mårten,Tarbin
680,Estève,Hulstrom
681,Maëlyss,Erickssen
682,Léandre,Berni
683,Méthode,Sutherel
684,Loïc,Hanvey
685,Néhémie,Lowdyane
686,Sélène,Langlois
687,Esbjörn,Chesley
688,Wá,de Clerq
689,Séréna,Rounds
690,Torbjörn,Crean
691,Solène,Guilford
692,Célestine,Marks
693,Cloé,Beesley
694,Lóng,Fullylove
695,Clémentine,Kenion
696,Maëline,Helliwell
697,Maïté,Moxon
698,Yú,Simoneton
699,Nadège,Illyes
700,Liè,Hugonnet
701,Véronique,Hugueville
702,Märta,Danilyuk
703,Hélèna,Dallemore
704,Kuí,Klemke
705,Gwenaëlle,Snarie
706,Maëlann,Sillitoe
707,Josée,Turpie
708,Wá,Alyukin
709,Alizée,O'Scandall
710,Joséphine,Toffaloni
711,Maïlys,Despenser
712,Maëline,Benmore
713,Almérinda,Haire
714,Garçon,Deniske
715,Fèi,Northcote
716,Anaé,Hehir
717,Geneviève,Belone
718,Jú,McCuish
719,Léonie,Richold
720,Mélia,Sprull
721,Véronique,Gowdy
722,Anaïs,Oller
723,Táng,Olenikov
724,Dorothée,Sillito
725,Mégane,Gerrens
726,Bérengère,Panner
727,Chloé,Gisby
728,Naéva,Beisley
729,Athéna,Titheridge
730,Amélie,Gaymer
731,Marie-josée,Diperaus
732,Maéna,Halfhide
733,Örjan,Huonic
734,Östen,McPhate
735,Maïwenn,Plaskitt
736,Gwenaëlle,Searston
737,Gaëlle,Berthe
738,Uò,Feldheim
739,Björn,Louthe
740,Bérangère,Fagg
741,Börje,Debill
742,Erwéi,Nana
743,Michèle,Cankett
744,Marie-ève,Goodered
745,Danièle,Furmage
746,Sòng,Keedy
747,Styrbjörn,Comi
748,Méryl,De Giorgio
749,Léonore,Kemmet
750,Garçon,Gyford
751,Gwenaëlle,Shelly
752,Maïwenn,Somerville
753,Félicie,Killimister
754,Camélia,O'Heyne
755,Cécile,Cattenach
756,Mélodie,Didball
757,Adèle,Gylle
758,Kallisté,Storrier
759,Maëlyss,Van Hesteren
760,Publicité,Fruchter
761,Edmée,Vasyunkin
762,Yè,Michelet
763,Yáo,Gronous
764,Géraldine,Shrubb
765,Maëline,Parysiak
766,Maïwenn,O'Crowley
767,Adélaïde,Colecrough
768,Bérénice,Creavan
769,Mégane,Castelain
770,Méghane,Marnes
771,Agnès,McPhee
772,Méline,Gianinotti
773,Léonie,Knellen
774,Marie-ève,Casini
775,Mélina,Bithany
776,Maïlis,Sinden
777,Mà,Daniellot
778,Maïwenn,Melbourn
779,Åslög,Bickardike
780,Nélie,Christophersen
781,Réservés,MacHarg
782,Estève,Alliband
783,Cunégonde,Tschersich
784,Salomé,Brimm
785,Garçon,Brownett
786,Mahélie,Ellse
787,Léane,Files
788,Laïla,Pollok
789,Gisèle,Havoc
790,Cunégonde,Spearett
791,Jú,Bartomeu
792,Hélèna,Cranefield
793,Maëlyss,Maffezzoli
794,Cléopatre,Dampney
795,Andrée,Hailwood
796,Miléna,Farbrother
797,Agnès,Halsho
798,Daphnée,Gallant
799,Edmée,Georgeou
800,Stévina,Sherborn
801,Gaétane,Coggan
802,Hélène,Titmuss
803,Marie-noël,Basile
804,Kuí,Derington
805,Lèi,de Verson
806,Audréanne,Halsworth
807,Wá,Neissen
808,Hélèna,Brevetor
809,Clémentine,Willingham
810,Josée,Burkwood
811,Laïla,Cordy
812,Maëlann,Olford
813,Alizée,Masters
814,Marie-françoise,Warrington
815,Personnalisée,Antonetti
816,Agnès,Brunt
817,Andrée,McAline
818,Gwenaëlle,Hickinbottom
819,Pò,Sango
820,Inès,Pattesall
821,Naéva,Fausch
822,Léandre,Rustadge
823,Mén,Canny
824,Laurélie,Sprowles
825,Chloé,Ghio
826,Angélique,Dunphy
827,Méng,Rase
828,Eléonore,Saxon
829,Maëline,Eckart
830,Daphnée,Bagnold
831,Loïc,Crookston
832,Crééz,Crandon
833,Görel,Boothby
834,Lài,Wakely
835,Loïca,Allden
836,Léone,Mathevon
837,Aurélie,Leith
838,Kallisté,Amner
839,Anaïs,Darth
840,Mylène,Simondson
841,Médiamass,Cuphus
842,Thérèse,Pierrepoint
843,Cloé,Bouch
844,Lauréna,Stirtle
845,Méghane,Glancey
846,Hélène,Pryer
847,Céline,Aherne
848,Maëline,Jaskiewicz
849,Maïlis,Dudderidge
850,Liè,Chaucer
851,Maëlyss,Scates
852,Håkan,Caine
853,Åsa,Beebe
854,Renée,Winkless
855,Sòng,St. Quentin
856,Publicité,Winterborne
857,Annotés,Crush
858,Camélia,Puddicombe
859,Bérénice,Gullan
860,Angèle,Kington
861,Thérèsa,Shoebotham
862,Noémie,Paulat
863,Laurène,Poyzer
864,Andréa,Lampert
865,Táng,Charlet
866,Méline,Dufaire
867,Sélène,Pinkard
868,Océane,Neissen
869,Gaëlle,Ottewell
870,Zoé,Snuggs
871,Danièle,Kilgallon
872,Kù,Kirley
873,Lucrèce,Baskerville
874,Maïwenn,McGilvray
875,Gérald,Lagneaux
876,Andréa,Forster
877,Marie-josée,Poluzzi
878,Maïlis,Conibear
879,Andrée,Cremins
880,Aloïs,Pester
881,Geneviève,Skate
882,Laurène,Drees
883,Angèle,Farmery
884,Bénédicte,Mowbury
885,Cécile,Rickerby
886,Edmée,Kelsell
887,Eléonore,Fairhead
888,Åsa,Pryn
889,Örjan,Coffee
890,Maï,Caven
891,Dù,Trevna
892,Yóu,Durdle
893,Méryl,Corneil
894,Stévina,O'Brogane
895,Marie-josée,Crother
896,Mårten,Matura
897,Mahélie,Chamberlayne
898,Marie-hélène,Riehm
899,Intéressant,Georghiou
900,Méline,Ripley
901,Publicité,Imlen
902,Françoise,Mucklo
903,Aimée,Nannoni
904,Gisèle,Ivanichev
905,Marie-françoise,Mathieson
906,Céline,Bourton
907,Léone,Beedom
908,Mahélie,Borgesio
909,Daphnée,Menendez
910,Lèi,Glowacz
911,Garçon,Aikett
912,Publicité,Burgen
913,Annotée,Georgi
914,Håkan,Dunstan
915,Publicité,Preddy
916,Vénus,Bedinn
917,Alizée,Cowland
918,Gaétane,Jezzard
919,Célestine,Aickin
920,Aí,Thame
921,Intéressant,Ramshay
922,Ráo,Lenney
923,Eléonore,Wadforth
924,Maëlle,Bachshell
925,Loïs,Wilcott
926,Anaël,Mixture
927,Valérie,Boothebie
928,Björn,Connelly
929,Médiamass,Posten
930,Maïté,Sissens
931,Léonore,Knowlman
932,Östen,Sorey
933,Yáo,Meers
934,Léane,Trippett
935,Michèle,Henkens
936,Léana,Hullett
937,Bérengère,Mazzei
938,Mélodie,Renish
939,Almérinda,Dannatt
940,Garçon,Addicote
941,Andréanne,Britney
942,Maïly,Franzonello
943,Naëlle,Hoggins
944,Céline,Lambis
945,Cinéma,Wallwork
946,Judicaël,Esson
947,Stévina,Hanney
948,Yénora,Royston
949,Marie-josée,Toffler
950,Ráo,Michelmore
951,Marie-ève,Barends
952,Loïs,Bachellier
953,Noémie,Kmicicki
954,Pénélope,Fisher
955,Méng,Atack
956,Fèi,Lucy
957,Crééz,Hampton
958,Méline,Nisby
959,Loïs,Kienzle
960,Naéva,Kellegher
961,Göran,Mitchelson
962,Céline,Camosso
963,Andrée,Van Arsdale
964,Gaëlle,Sendley
965,Lèi,Jorgesen
966,Mà,Burner
967,Judicaël,Botcherby
968,Lén,Delos
969,Loïca,Fawcett
970,Néhémie,Petford
971,Irène,Knellen
972,Eléonore,Stebles
973,Cléa,Atcheson
974,Maïwenn,Tampin
975,Kuí,Vowels
976,Nadège,Gadie
977,Naëlle,Nelthropp
978,Estève,Reckhouse
979,Maïwenn,Olivet
980,Marylène,Coryndon
981,Bérengère,Cholonin
982,Alizée,Karpenko
983,Angélique,Grizard
984,Audréanne,Baike
985,Cloé,Mulmuray
986,Eugénie,Filoniere
987,Laïla,Pinchen
988,Marie-josée,Szymanek
989,Estève,Onthank
990,Östen,Kendrick
991,Anaëlle,Tother
992,Måns,Norris
993,Bécassine,Wanden
994,Yóu,Chinnery
995,Naëlle,Busfield
996,Erwéi,Starcks
997,Anaël,Heggman
998,Maïlis,Eltun
999,Stéphanie,Reiach
1000,Hélène,Fain
